{"title":"Traditional Strength Training","description":"Weight Training for 1:28:25 hr","source":"Apple Health","startTime":{"time":"2023-06-08T05:17:08Z","timeZone":"Europe/Rome"},"distance":0,"duration":5305.197765111923,"elapsedTime":5315.591322183609,"avgSpeed":0,"maxSpeed":0,"calories":487,"avgHeartrate":108,"maxHeartrate":148,"avgCadence":0,"maxCadence":0,"steps":0,"elevationGain":0,"elevationLoss":0,"minElevation":0,"maxElevation":0,"lapLength":0,"activityType":{"internalId":1404,"internalName":"Weight Training","sourceName":"Traditional Strength Training"},"sourceId":"hk_1686201428","laps":[{"startTime":"2023-06-08T05:17:08Z","distance":0,"duration":5294.033695220947,"elapsedTime":5315.427252054214,"avgSpeed":0,"avgheartrate":108,"maxHeartrate":148}],"exports":[],"services":{"autoshare":{"days":0,"noprompt":false},"services":[{"name":"health","autoshare":{"target":false,"targettypes":[],"source":false},"import":true},{"name":"files","autoshare":{"target":false,"targettypes":[],"source":false},"import":true},{"name":"icloud","autoshare":{"target":false,"targettypes":[],"source":false},"import":true}]},"appversion":"2.105 (747)","swag":"none"}